,ticker,date,time,title,pos,neu,neg,compound
0,AMZN,2024-07-27,06:11PM,What You Need To Know Ahead of GE HealthCare's Earnings,0.0,1.0,0.0,0.0
1,AMZN,2024-07-27,05:50PM,Warner Bros. Discovery sues NBA over game rights,0.0,1.0,0.0,0.0
2,AMZN,2024-07-27,05:16PM,What You Need to Know Ahead of Amazon Earnings Thursday,0.159,0.841,0.0,0.1779
3,AMZN,2024-07-27,05:12PM,"Big Tech earnings, jobs report, Fed decision: What to Watch",0.0,1.0,0.0,0.0
4,AMZN,2024-07-27,05:04PM,Warner Bros. Discovery sues NBA over 'unjustified rejection' of matching media rights bid,0.0,0.774,0.226,-0.5423
5,AMZN,2024-07-27,03:40PM,"Apple, Microsoft, Meta Set to Report During Busy Week for Earnings",0.0,1.0,0.0,0.0
6,AMZN,2024-07-27,02:00PM,Prime Day Could Be Big News For These Stocks,0.0,1.0,0.0,0.0
7,AMZN,2024-07-27,01:30PM,"Amazon Tests AI Chips in Texas Lab, Aims to Cut Nvidia Costs",0.123,0.725,0.152,-0.1027
8,AMZN,2024-07-27,01:15PM,Netflix's ex-film head Stuber ties with Amazon MGM to revive United Artists,0.434,0.566,0.0,0.7096
9,AMZN,2024-07-27,12:30PM,"Hey Alexa, Why Are You Costing Amazon Billions?",0.195,0.805,0.0,0.1779
10,AMZN,2024-07-27,10:52AM,"Why Is Amazon.com, Inc. (AMZN) the Best Information Technology Services Stock to Buy Now?",0.244,0.756,0.0,0.6369
11,AMZN,2024-07-27,10:42AM,Amazon Stock Has Entered Correction Territory. What Could Send Shares Higher.,0.302,0.698,0.0,0.4404
12,AMZN,2024-07-27,09:15AM,Is JD.com Stock a Buy Now?,0.0,1.0,0.0,0.0
13,AMZN,2024-07-27,06:32AM,GE Healthcare teams up with Amazon to build generative AI models,0.145,0.855,0.0,0.1779
14,AMZN,2024-07-27,05:50AM,"Can This Unstoppable AI Stock Join Nvidia, Apple, and Microsoft in the $3 Trillion Club?",0.129,0.765,0.106,0.1027
15,AMZN,2024-07-27,04:51AM,"Why Google Parent Alphabet Is the Best Artificial Intelligence (AI) Stock in the ""Magnificent Seven""",0.483,0.517,0.0,0.9042
16,AMZN,2024-07-27,03:12AM,"1 Phenomenal Stock That Could Join Microsoft, Apple, Nvidia, Alphabet, Amazon, and Meta in the $1 Trillion Club",0.206,0.794,0.0,0.4404
17,AMZN,2024-07-25,08:25PM,Amazon Says Washington State Injury Case Has Been Dismissed,0.148,0.609,0.243,-0.2732
18,AMZN,2024-07-25,06:00PM,"Ulta faces challenges from Amazon, consumer loyalty",0.619,0.381,0.0,0.6705
19,AMZN,2024-07-25,05:45PM,"Warner Bros. stock falls after losing 'key' NBA rights as league secures $77 billion deal with Disney, Comcast, and Amazon",0.169,0.72,0.11,0.1027
20,AMZN,2024-07-25,05:44PM,"Universal Music Group stock plunges 20% after streaming, subscription revenue disappoints",0.0,0.794,0.206,-0.3818
21,AMZN,2024-07-25,05:20PM,E.l.f. Beauty 'captures' consumers in ways rivals haven't,0.352,0.648,0.0,0.5859
22,AMZN,2024-07-25,03:56PM,"Amazon.com, Inc. (AMZN): Eminence Capitals Ricky Sandler is Bullish on This Stock Right Now",0.0,1.0,0.0,0.0
23,AMZN,2024-07-25,02:41PM,"Earnings Calendar Spotlight: All Eyes On Apple, Meta, Amazon, Microsoft",0.159,0.841,0.0,0.1779
24,AMZN,2024-07-25,01:14PM,Warner Bros. Stock Gets Benched After NBA Loss. It Could be a Slam Dunk for Amazon.,0.091,0.645,0.263,-0.4939
25,AMZN,2024-07-25,12:16PM,BofA analyzes Amazon's 11-year deal to stream NBA games on Prime Video,0.0,1.0,0.0,0.0
26,AMZN,2024-07-25,11:37AM,"Amazon racing to develop AI chips cheaper, faster than Nvidia's, executives say",0.134,0.866,0.0,0.1779
27,AMZN,2024-07-25,10:34AM,NBA rejects Warner Bros. Discovery offer for game rights,0.0,0.714,0.286,-0.4939
28,AMZN,2024-07-25,10:30AM,What's Next for the Winners and Big Loser of the New NBA Media Rights,0.168,0.649,0.184,-0.0772
29,AMZN,2024-07-25,10:13AM,"With The Magnificent Seven Slumping, Is Amazon Stock A Buy?",0.444,0.556,0.0,0.6808
30,AMZN,2024-07-25,10:01AM,Amazon (AMZN) Earnings Expected to Grow: What to Know Ahead of Next Week's Release,0.116,0.884,0.0,0.1779
31,AMZN,2024-07-25,09:42AM,Amazons Swelling Cash Pile Makes Conditions Ripe for Dividend,0.0,0.879,0.121,-0.0258
32,AMZN,2024-07-25,09:40AM,Why Amazon (AMZN) is a Top Value Stock for the Long-Term,0.457,0.543,0.0,0.5994
33,AMZN,2024-07-25,09:02AM,"Warner Bros. stock drops 5% after losing 'key' NBA rights as league secures $77 billion deal with Disney, Comcast, and Amazon",0.163,0.732,0.106,0.1027
34,AMZN,2024-07-25,08:45AM,GE HealthCare and AWS Announce Strategic Collaboration to Accelerate Healthcare Transformation With Generative AI,0.0,1.0,0.0,0.0
35,AMZN,2024-07-25,07:45AM,25 Best Artificial Intelligence Stocks to Buy Right Now,0.51,0.49,0.0,0.8074
36,AMZN,2024-07-25,05:06AM,Is Nvidia Going to Lose $1.2 Trillion in Market Value? One Wall Street Analyst Believes So -- and This Might Be a Conservative Estimate,0.092,0.805,0.103,-0.0772
37,AMZN,2024-07-25,03:00AM,Amazon Stock Jumps As NBA Signs Prime Video Broadcasting Deal,0.159,0.841,0.0,0.1779
38,AMZN,2024-07-24,08:14PM,Alphabets earnings set the stage for techs AI question,0.0,1.0,0.0,0.0
39,AMZN,2024-07-24,06:38PM,"NBA Unveils $77 Billion TV and Streaming Deals With NBC, ESPN and Amazon",0.124,0.876,0.0,0.1779
40,AMZN,2024-07-24,05:24PM,"NBA signs new 11-year media agreements with Disney, NBC, and Amazon",0.297,0.703,0.0,0.4215
41,AMZN,2024-07-24,05:10PM,"Warner Bros. loses 'critical' NBA rights as league secures $77 billion deal with Disney, Comcast, and Amazon",0.197,0.69,0.113,0.1779
42,AMZN,2024-07-24,04:00PM,"If You Invested $1000 In Amazon Stock 20 Years Ago, How Much Would You Have Now?",0.102,0.898,0.0,0.1779
43,AMZN,2024-07-24,03:43PM,Why Magnificent Seven Stocks are Having Their Worst Day on Record,0.229,0.529,0.241,-0.0516
44,AMZN,2024-07-24,12:45PM,Amazon (AMZN) is an Incredible Growth Stock: 3 Reasons Why,0.381,0.619,0.0,0.5106
45,AMZN,2024-07-24,12:10PM,Will Amazon (AMZN) Beat Estimates Again in Its Next Earnings Report?,0.145,0.855,0.0,0.1779
46,AMZN,2024-07-24,11:10AM,Mag 7 must perform 'incredibly well' to justify valuations,0.255,0.745,0.0,0.3384
47,AMZN,2024-07-24,10:25AM,Amazon Prime Video is getting a new look -- and it's designed for indecisive users,0.108,0.764,0.127,-0.0772
48,AMZN,2024-07-24,09:30AM,Amazon (AMZN) Is Considered a Good Investment by Brokers: Is That True?,0.481,0.519,0.0,0.7506
49,AMZN,2024-07-24,08:40AM,Amazon.com (AMZN) Soared on Growth in AWS Business,0.271,0.729,0.0,0.3818
50,AMZN,2024-07-24,06:00AM,Big Tech earnings won't be make or break for the stock market: Morning Brief,0.0,1.0,0.0,0.0
51,AMZN,2024-07-24,05:15AM,This High-Yielding Dividend Stock Sees AI Supercharging Its Growth Prospects,0.375,0.625,0.0,0.5859
52,AMZN,2024-07-24,05:12AM,The Stock Market Crashed After the Dot-Com Bubble. Will Artificial Intelligence (AI) Stocks Cause a Similar Market Crash?,0.149,0.721,0.13,0.1027
53,AMZN,2024-07-24,04:10AM,"If I Could Only Buy 3 Stocks in the Last Half of 2024, I'd Pick These",0.0,1.0,0.0,0.0
54,AMZN,2024-07-24,03:56AM,Amazon faces $131m tax seizure over compliance issues in Italy,0.159,0.841,0.0,0.1779
55,AMZN,2024-07-24,02:36AM,Vertical integration by delivery apps is a risk for grocery retailers,0.0,0.811,0.189,-0.2732
56,AMZN,2024-07-23,08:33PM,Analyst reboots Amazon price target ahead of earnings,0.195,0.805,0.0,0.1779
57,AMZN,2024-07-23,06:19PM,Battle over NBA rights brewing as Warner Bros. Discovery matches Amazon's bid,0.0,0.809,0.191,-0.3818
58,AMZN,2024-07-23,06:14PM,"Ford or Tesla, consumer staples opportunities: Market Domination",0.265,0.612,0.122,0.34
59,AMZN,2024-07-23,06:01PM,Is Amazon.com Inc (NASDAQ:AMZN) the Best AI Stock to Buy Now?,0.296,0.704,0.0,0.6369
60,AMZN,2024-07-23,05:39PM,3 Drone Delivery Stocks Ready for Takeoff,0.333,0.667,0.0,0.3612
61,AMZN,2024-07-23,05:14PM,What Is J.D. Vance's Net Worth?,0.275,0.725,0.0,0.2263
62,AMZN,2024-07-23,05:00PM,Best stock plays amid consumer weakness: Portfolio manager,0.443,0.357,0.2,0.5267
63,AMZN,2024-07-23,04:27PM,Why Amazon Stock Is Jumping Again Today,0.221,0.779,0.0,0.1779
64,AMZN,2024-07-23,04:10PM,"Alphabet earnings top estimates as cloud business gains steam, AI losses grow",0.264,0.566,0.17,0.128
65,AMZN,2024-07-23,04:10PM,Alphabet beats analysts' expectations on top and bottom line as cloud business picks up steam,0.114,0.886,0.0,0.2023
66,AMZN,2024-07-23,02:36PM,Why It's Time to Buy the Dip in Tech Stocks,0.0,1.0,0.0,0.0
67,AMZN,2024-07-23,02:30PM,Amazon Talks Responsible AI One Year After Agreeing to Biden Admins Voluntary Commitments,0.467,0.533,0.0,0.7096
68,AMZN,2024-07-23,01:48PM,"Stocks waver ahead of Tesla, Alphabet Q2 earnings: Yahoo Finance",0.0,1.0,0.0,0.0
69,AMZN,2024-07-23,01:36PM,Meta Unveils New AI Model That Rivals Google and OpenAI Models,0.0,1.0,0.0,0.0
70,AMZN,2024-07-23,12:32PM,Spotify Keeps the Profit Tune Humming,0.367,0.633,0.0,0.4404
71,AMZN,2024-07-23,10:30AM,Alexa is losing Amazon billions of dollars,0.183,0.538,0.28,-0.2263
72,AMZN,2024-07-23,09:57AM,This Undervalued Stock Could Join Amazon in the $2 Trillion Club,0.302,0.698,0.0,0.4404
73,AMZN,2024-07-23,09:30AM,7 Stocks That Are Capitalizing on the Digital World,0.0,1.0,0.0,0.0
74,AMZN,2024-07-23,08:54AM,Google Talks To Buy Wiz for $23B Reportedly End,0.0,1.0,0.0,0.0
75,AMZN,2024-07-23,08:47AM,Whole Foods settles ex-worker's lawsuit over Black Lives Matter masks,0.1,0.727,0.173,-0.2023
76,AMZN,2024-07-23,08:00AM,"S&P 500 Earnings Shrivel Without Magnificent Seven Names Like Nvidia, Meta",0.171,0.615,0.215,-0.1645
77,AMZN,2024-07-23,07:51AM,Could Earnings Stop the Small-Cap Stocks Rotation in Its Tracks?,0.0,0.804,0.196,-0.296
78,AMZN,2024-07-23,07:50AM,Jim Cramer Thinks Amazon.com Inc (NASDAQ:AMZN) Can Benefit if Donald Trump Wins Election 2024,0.358,0.642,0.0,0.7717
79,AMZN,2024-07-23,07:35AM,"Italy seizes $131 million from Amazon over alleged tax, labour offences",0.13,0.687,0.183,-0.1779
80,AMZN,2024-07-23,07:17AM,"Nvidia vs. Amazon: Which ""Magnificent Seven"" Stock Could Be the Better Buy Over the Next 5 Years?",0.395,0.605,0.0,0.8176
81,AMZN,2024-07-23,04:26AM,Is Rivian Stock a Buy?,0.0,1.0,0.0,0.0
82,AMZN,2024-07-23,04:20AM,iRobot Is a Falling Knife That's Too Risky for Most,0.0,0.673,0.327,-0.34
83,AMZN,2024-07-23,04:03AM,2 Stocks That Can Help You to Get Richer in 2024,0.433,0.567,0.0,0.7269
84,AMZN,2024-07-22,09:41PM,Amazon Stock (NASDAQ:AMZN) Q2 Earnings Preview: Expect Another Exceptional Quarter,0.159,0.841,0.0,0.1779
85,AMZN,2024-07-22,09:00PM,Alexa Is in Millions of Householdsand Amazon Is Losing Billions,0.138,0.65,0.211,-0.2263
86,AMZN,2024-07-22,08:15PM,Should You Buy Amazon Stock Before Aug. 1?,0.195,0.805,0.0,0.1779
87,AMZN,2024-07-22,05:55PM,"EV demand dips, TNT matches NBA bid: Market Domination Overtime",0.0,0.748,0.252,-0.1779
88,AMZN,2024-07-22,05:45PM,Amazon (AMZN) Stock Drops Despite Market Gains: Important Facts to Note,0.128,0.6,0.272,-0.233
89,AMZN,2024-07-22,05:15PM,Warner Bros. Discovery offers to match Amazon offer for NBA rights,0.145,0.855,0.0,0.1779
90,AMZN,2024-07-22,05:07PM,Warners TNT Makes Matching Offer for Amazons NBA Package,0.0,0.879,0.121,-0.0258
91,AMZN,2024-07-22,05:06PM,Warner Bros. Discovery's TNT Network matches bid for NBA rights,0.0,1.0,0.0,0.0
92,AMZN,2024-07-22,05:06PM,Can Rivian Automotive Inc (NASDAQ:RIVN) Become the Next Tesla (TSLA) Due to AI? Analyst Answers,0.0,1.0,0.0,0.0
93,AMZN,2024-07-22,04:32PM,Warner Bros. Discovery says it matched a bid for NBA rights,0.0,1.0,0.0,0.0
94,AMZN,2024-07-22,03:16PM,"Google parent Alphabet to report Q2 earnings Tuesday with AI, ad spending front and center",0.0,1.0,0.0,0.0
95,AMZN,2024-07-22,02:30PM,Top 3 tech picks ahead of Q2 earnings: Evercore's Mahaney,0.184,0.816,0.0,0.2023
96,AMZN,2024-07-22,01:20PM,"VP Harris's impact on markets, earnings this week: Catalysts",0.0,1.0,0.0,0.0
97,AMZN,2024-07-22,12:04PM,Google search could bring 'double-barreled' revenue boost,0.31,0.69,0.0,0.4019
98,AMZN,2024-07-22,11:00AM,Jeff Bezos To Sell Another $5 Billion In Amazon Shares: How Could He Spend It?,0.231,0.769,0.0,0.4404
99,AMZN,2024-07-22,10:30AM,Amazon Stock Gets Pair Of Price Target Increases With Q2 Earnings Due,0.134,0.866,0.0,0.1779
100,NVDA,2024-07-27,06:28PM,AI Doubts Are Growing. Investors Could Be Making A Mistake.,0.138,0.488,0.374,-0.4404
101,NVDA,2024-07-27,05:42PM,Short Seller Andrew Left Is on the Hook for Securities Fraud,0.147,0.6,0.253,-0.3818
102,NVDA,2024-07-27,04:16PM,"These Stocks Moved the Most Today: DexCom, 3M, Nvidia, Bristol Myers, Coursera, Biogen, Charter, Deckers, and More",0.0,1.0,0.0,0.0
103,NVDA,2024-07-27,04:00PM,"Wake-Up Calls Still Ringing For Nvidia, Google, Meta And More",0.0,1.0,0.0,0.0
104,NVDA,2024-07-27,03:20PM,"Magnificent Seven Stocks: Nvidia Stock Reverses Lower, Google Extends Losses",0.331,0.368,0.301,0.128
105,NVDA,2024-07-27,02:23PM,"These Stocks Are Moving the Most Today: DexCom, 3M, Nvidia, Bristol Myers, Coursera, Biogen, Charter, Deckers, and More",0.0,1.0,0.0,0.0
106,NVDA,2024-07-27,01:57PM,1 Wall Street Analyst Thinks Nvidia Stock Is Going to $175. Is It a Buy?,0.0,1.0,0.0,0.0
107,NVDA,2024-07-27,01:38PM,AI Chip Rally Returns Friday With Nvidia and Other Semiconductor Stocks Rising,0.0,1.0,0.0,0.0
108,NVDA,2024-07-27,01:30PM,"Amazon Tests AI Chips in Texas Lab, Aims to Cut Nvidia Costs",0.123,0.725,0.152,-0.1027
109,NVDA,2024-07-27,01:28PM,"Nvidia Stock, Google Exit Growth List As Insurance, Energy, Defense Names Rotate Into Leadership",0.36,0.64,0.0,0.6369
110,NVDA,2024-07-27,01:25PM,Nvidia Approaches Key Level After Three-Day Rout; Is It A Buy Now?,0.0,1.0,0.0,0.0
111,NVDA,2024-07-27,12:51PM,"Intels AI Chip Story Feels Mostly MIA, Says Analyst",0.0,0.732,0.268,-0.4466
112,NVDA,2024-07-27,10:28AM,Nvidia Supplier SK Hynix To Spend $6.8B on South Korea Plant To Meet AI Chip Demand,0.0,0.909,0.091,-0.128
113,NVDA,2024-07-27,10:14AM,What Is the Dividend Payout for Nvidia?,0.0,1.0,0.0,0.0
114,NVDA,2024-07-27,10:07AM,Why stocks could be nearing a 10% correction,0.0,1.0,0.0,0.0
115,NVDA,2024-07-27,10:00AM,Forget AMD: 2 Tech Stocks to Buy Instead,0.0,0.759,0.241,-0.2263
116,NVDA,2024-07-27,09:44AM,Nvidia Stock Rises. How Earnings From Microsoft and Apple Could Drive It Higher.,0.0,1.0,0.0,0.0
117,NVDA,2024-07-27,09:41AM,"Stocks to Watch Friday: DexCom, 3M, Coinbase, Nvidia",0.0,1.0,0.0,0.0
118,NVDA,2024-07-27,09:30AM,Wall Street Analysts Look Bullish on Nvidia (NVDA): Should You Buy?,0.0,1.0,0.0,0.0
119,NVDA,2024-07-27,09:17AM,Is It Too Late to Buy SoundHound AI Stock?,0.0,1.0,0.0,0.0
120,NVDA,2024-07-27,07:30AM,Billionaires Can't Stop Selling Nvidia. But There's Something Else That Investors Need to Know.,0.1,0.9,0.0,0.1139
121,NVDA,2024-07-27,07:15AM,Could Investing in AMD Now Be Like Investing in Nvidia in 2023?,0.185,0.815,0.0,0.3612
122,NVDA,2024-07-27,07:00AM,Better Stock-Split Buy: Nvidia vs. Broadcom,0.367,0.633,0.0,0.4404
123,NVDA,2024-07-27,06:35AM,SMC raising $950m to expand AI server capabilities,0.247,0.753,0.0,0.3182
124,NVDA,2024-07-27,05:50AM,"Can This Unstoppable AI Stock Join Nvidia, Apple, and Microsoft in the $3 Trillion Club?",0.129,0.765,0.106,0.1027
125,NVDA,2024-07-27,05:30AM,US senator attacks Biden administration for failing to halt sales of advanced chips to China,0.099,0.594,0.307,-0.6369
126,NVDA,2024-07-27,05:25AM,"Nvidia Stock Rises. How Meta, and These Other Mag 7 Earnings Could Drive It Higher.",0.0,1.0,0.0,0.0
127,NVDA,2024-07-27,05:12AM,This Legendary Wall Street Billionaire Is Selling Nvidia Stock and Buying 2 Artificial Intelligence (AI) Stocks Instead,0.171,0.829,0.0,0.4767
128,NVDA,2024-07-27,05:06AM,These Are Wall Street's 3 Cheapest Stock-Split Stocks -- and Nvidia Isn't 1 of Them!,0.0,1.0,0.0,0.0
129,NVDA,2024-07-27,04:51AM,"Why Google Parent Alphabet Is the Best Artificial Intelligence (AI) Stock in the ""Magnificent Seven""",0.483,0.517,0.0,0.9042
130,NVDA,2024-07-27,04:15AM,Meet the New Nasdaq 100 and S&P 500 Artificial Intelligence Stock That Topped Nvidia in the First Half,0.154,0.846,0.0,0.4767
131,NVDA,2024-07-27,03:57AM,Spotting Winners: Allegro MicroSystems (NASDAQ:ALGM) And Processors and Graphics Chips Stocks In Q1,0.205,0.795,0.0,0.4767
132,NVDA,2024-07-27,03:30AM,Laughing Water Capital is Waiting for an Investor Update from Lifecore Biomedical (LFCR),0.211,0.789,0.0,0.4939
133,NVDA,2024-07-27,03:15AM,Will Hilton Grand Vacations (HGV) be Able to Create Long Term Value?,0.455,0.545,0.0,0.7579
134,NVDA,2024-07-27,03:12AM,"1 Phenomenal Stock That Could Join Microsoft, Apple, Nvidia, Alphabet, Amazon, and Meta in the $1 Trillion Club",0.206,0.794,0.0,0.4404
135,NVDA,2024-07-27,03:05AM,This Undervalued Stock Could Join Nvidia in the Trillion-Dollar Club,0.196,0.804,0.0,0.296
136,NVDA,2024-07-27,02:34AM,Here's What is Happening with Nextnav (NN),0.0,1.0,0.0,0.0
137,NVDA,2024-07-27,02:33AM,"Why Is PROS Holdings, Inc. (PRO) Among the Best Machine Learning Stocks Right Now?",0.244,0.756,0.0,0.6369
138,NVDA,2024-07-27,02:30AM,"Baidu, Inc. (BIDU): Why Are Hedge Funds Bullish on This Machine Learning Stock Now?",0.0,1.0,0.0,0.0
139,NVDA,2024-07-27,02:25AM,Genius Sports Limited (GENI): The Best Machine Learning Stock to Buy Now?,0.261,0.621,0.118,0.5106
140,NVDA,2024-07-27,02:22AM,Snowflake Inc. (SNOW): Hedge Funds Are Bullish on This Machine Learning Stock Right Now,0.0,1.0,0.0,0.0
141,NVDA,2024-07-27,02:19AM,Why Are Analysts Bullish on Informatica Inc. (INFA) Right Now?,0.0,1.0,0.0,0.0
142,NVDA,2024-07-27,02:17AM,Here's Why Laughing Water Capital is Holding Limbach Holdings (LMB),0.262,0.738,0.0,0.4939
143,NVDA,2024-07-27,02:00AM,Startup with radical concept for AI chips emerges from stealth with $15 million to try to challenge Nvidia,0.07,0.86,0.07,0.0
144,NVDA,2024-07-27,12:06AM,Here's Why Laughing Water Capital Added Xponential Fitness (XPOF) on Dip,0.371,0.629,0.0,0.6486
145,NVDA,2024-07-25,11:45PM,Does Cantaloupe (CTLP) have Plenty of Upside Potential?,0.0,1.0,0.0,0.0
146,NVDA,2024-07-25,09:55PM,Nvidia's investment in Serve Robotics opens new market for AI-powered food delivery,0.0,1.0,0.0,0.0
147,NVDA,2024-07-25,06:53PM,Nvidia Fell Again Today -- Time to Buy the Artificial Intelligence (AI) Leader's Stock?,0.193,0.807,0.0,0.4767
148,NVDA,2024-07-25,04:47PM,"These Stocks Moved the Most Today: Ford, Tesla, IBM, ServiceNow, Viking Therapeutics, Edwards Lifesciences, RTX, and More",0.0,1.0,0.0,0.0
149,NVDA,2024-07-25,04:31PM,"Nvidia, Semiconductor Stocks Seesaw After Wednesday's Meltdown",0.0,1.0,0.0,0.0
150,NVDA,2024-07-25,04:16PM,'Never going to be the same': How Nvidia is trying to revolutionize healthcare,0.0,1.0,0.0,0.0
151,NVDA,2024-07-25,04:00PM,Nvidia Breach Puts 8 'Secrets' Of Selling In Focus. No. 2 Is Key.,0.0,0.82,0.18,-0.296
152,NVDA,2024-07-25,03:38PM,Why Nvidia Stock Is Gaining in a Volatile Market Today,0.259,0.741,0.0,0.4215
153,NVDA,2024-07-25,02:37PM,"These Stocks Are Moving the Most Today: Ford, Tesla, IBM, ServiceNow, Viking Therapeutics, Edwards Lifesciences, RTX, and More",0.0,1.0,0.0,0.0
154,NVDA,2024-07-25,02:35PM,Why AMD Stock Investors Should Be Cautious in the Short-Term,0.0,0.865,0.135,-0.1027
155,NVDA,2024-07-25,02:29PM,3 Top-Performing Stocks Beating the Big Names in 2024,0.0,0.7,0.3,-0.4588
156,NVDA,2024-07-25,02:00PM,The next big hurdle for hot tech stocks like Nvidia,0.217,0.783,0.0,0.3612
157,NVDA,2024-07-25,01:30PM,Investors Rescue Nvidia Stock From Another Rout,0.355,0.645,0.0,0.5106
158,NVDA,2024-07-25,01:25PM,AI infrastructure plays are the way to go: Analyst,0.2,0.8,0.0,0.25
159,NVDA,2024-07-25,01:01PM,Baillie Gifford's Strategic Moves in Q2 2024: A Closer Look at NVIDIA Corp's Impact,0.0,1.0,0.0,0.0
160,NVDA,2024-07-25,12:49PM,Nvidia Stock Claws Back Losses. Why AI Fears Spooked Markets.,0.0,0.593,0.407,-0.6705
161,NVDA,2024-07-25,12:01PM,Nvidia Leads Chip Stocks in Staging a Comeback. Why the Pain Could be Short-Lived.,0.0,0.784,0.216,-0.5106
162,NVDA,2024-07-25,11:56AM,A Nvidia partner is raking in profits,0.367,0.633,0.0,0.4404
163,NVDA,2024-07-25,11:37AM,"Amazon racing to develop AI chips cheaper, faster than Nvidia's, executives say",0.134,0.866,0.0,0.1779
164,NVDA,2024-07-25,11:26AM,Nvidia's Loss Of Support Puts 8 'Secrets' Of Selling In Focus. No. 2 Is Key.,0.157,0.581,0.262,-0.2023
165,NVDA,2024-07-25,11:13AM,Leveraged Nvidia ETFs ramp up investor risk as tech turbulence hits markets,0.0,0.84,0.16,-0.2732
166,NVDA,2024-07-25,10:53AM,Chip stock sell-off opens door for long-term plays: Analyst,0.2,0.8,0.0,0.25
167,NVDA,2024-07-25,10:00AM,Nvidia Still Has Upside Potential,0.0,1.0,0.0,0.0
168,NVDA,2024-07-25,10:00AM,AMD Is Positioned for Growth Amid AI Revolution,0.271,0.729,0.0,0.3818
169,NVDA,2024-07-25,09:55AM,Nvidia Stock Falls Again. Why AI Fears Are Spooking Markets.,0.0,0.763,0.237,-0.4215
170,NVDA,2024-07-25,08:30AM,3 Reasons to Buy Nvidia Stock Before July 29,0.0,1.0,0.0,0.0
171,NVDA,2024-07-25,08:30AM,3 Unstoppable Growth Stocks to Buy if There's a Stock Market Sell-Off,0.21,0.645,0.145,0.2023
172,NVDA,2024-07-25,08:25AM,Nvidia Option Trade Could Return 30% In About 3 Weeks,0.0,1.0,0.0,0.0
173,NVDA,2024-07-25,08:04AM,"AI cloud provider SMC plans global rollout, CEO says",0.0,1.0,0.0,0.0
174,NVDA,2024-07-25,08:00AM,"Nvidia Stock Plunges, Falls Below Critical Level; Is It Time To Buy Now?",0.0,0.839,0.161,-0.3182
175,NVDA,2024-07-25,07:45AM,25 Best Artificial Intelligence Stocks to Buy Right Now,0.51,0.49,0.0,0.8074
176,NVDA,2024-07-25,06:47AM,Nvidia Partner SMC Raising $950 Million to Tap AI Server Boom,0.0,1.0,0.0,0.0
177,NVDA,2024-07-25,06:00AM,Forget the Nasdaq -- Buy This Magnificent ETF Instead,0.305,0.547,0.148,0.4588
178,NVDA,2024-07-25,06:00AM,Forget Nvidia: This Could Be the Most Underrated AI Stock to Buy Right Now,0.0,0.872,0.128,-0.2263
179,NVDA,2024-07-25,05:33AM,NVIDIA Corporation (NVDA): Why Is Ken Fisher Bullish on This Growth Stock Right Now?,0.167,0.833,0.0,0.3818
180,NVDA,2024-07-25,05:27AM,2 Unstoppable Vanguard ETFs to Buy With $950 During the S&P 500 Bull Market,0.0,0.87,0.13,-0.2023
181,NVDA,2024-07-25,05:06AM,Is Nvidia Going to Lose $1.2 Trillion in Market Value? One Wall Street Analyst Believes So -- and This Might Be a Conservative Estimate,0.092,0.805,0.103,-0.0772
182,NVDA,2024-07-25,05:00AM,"Nvidia, Ford, Chipotle, Viking Therapeutics, Tesla: Why These 5 Stocks Are On Investors' Radars Today",0.0,1.0,0.0,0.0
183,NVDA,2024-07-25,04:40AM,What's the Best Way to Invest in Stocks Without Any Experience? Try This Index Fund ETF.,0.219,0.781,0.0,0.6369
184,NVDA,2024-07-25,04:35AM,"Up a Staggering 170% This Year, Can Super Micro Stock Continue Soaring in the Second Half?",0.218,0.782,0.0,0.5994
185,NVDA,2024-07-25,04:30AM,"Got $3,000? 2 Artificial Intelligence (AI) Stocks to Buy and Hold for the Long Term.",0.193,0.807,0.0,0.4767
186,NVDA,2024-07-25,04:26AM,Why Is NVIDIA Corporation (NVDA) the Best High Growth Stock To Buy Now?,0.382,0.618,0.0,0.7783
187,NVDA,2024-07-25,04:11AM,"Advanced Micro Devices, Inc. (AMD): Hedge Funds Are Bullish on This High Growth Stock Now",0.261,0.739,0.0,0.5574
188,NVDA,2024-07-25,04:06AM,"Prediction: These 2 ""Magnificent Seven"" Stocks Will (at Least Briefly) Lose Their Trillion-Dollar Market Caps by 2026",0.189,0.68,0.131,0.296
189,NVDA,2024-07-25,02:26AM,"CytomX Therapeutics, Inc. (CTMX): The Best One-Dollar Stock to Buy Now?",0.296,0.704,0.0,0.6369
190,NVDA,2024-07-25,02:02AM,Ether Down Over 7.5% as ETHE Outflows Ramp Up,0.0,1.0,0.0,0.0
191,NVDA,2024-07-25,01:00AM,"Nvidia Led Tech Stocks to Record Highs. Theyre Nowhere Near the Dot-Com Bubble, Says This Economist.",0.0,1.0,0.0,0.0
192,NVDA,2024-07-24,07:13PM,Nvidia supplier SK Hynix posts 6-year high profit on AI boom,0.225,0.775,0.0,0.4404
193,NVDA,2024-07-24,06:07PM,Regal Rexnord Corporation (RRX): Why Are Hedge Funds Bullish on This Manufacturing Stock Right Now?,0.0,1.0,0.0,0.0
194,NVDA,2024-07-24,06:00PM,PACCAR Inc (PCAR): Street Analysts Are Bullish on This Manufacturing Stock Right Now,0.0,1.0,0.0,0.0
195,NVDA,2024-07-24,05:51PM,"Why Are Hedge Funds Bullish on Enphase Energy, Inc. (ENPH) Right Now?",0.16,0.84,0.0,0.2732
196,NVDA,2024-07-24,05:37PM,What You Need To Know Ahead of AMD's Earnings Report,0.0,1.0,0.0,0.0
197,NVDA,2024-07-24,05:26PM,The Mag 7 Led the Stock Market Higher. Why July Has Been So Painful.,0.0,0.79,0.21,-0.4927
198,NVDA,2024-07-24,04:22PM,$1 Trillion Rout Hits Nasdaq 100 Over AI Jitters in Worst Day Since 2022,0.0,0.76,0.24,-0.6249
199,NVDA,2024-07-24,04:10PM,"Why Artificial Intelligence (AI) Chip Stocks Broadcom, Taiwan Semiconductor Manufacturing, and Arm Holdings Plunged Today",0.181,0.819,0.0,0.4767
200,META,2024-07-27,05:42PM,Short Seller Andrew Left Is on the Hook for Securities Fraud,0.147,0.6,0.253,-0.3818
201,META,2024-07-27,05:12PM,"Big Tech earnings, jobs report, Fed decision: What to Watch",0.0,1.0,0.0,0.0
202,META,2024-07-27,03:40PM,"Apple, Microsoft, Meta Set to Report During Busy Week for Earnings",0.0,1.0,0.0,0.0
203,META,2024-07-27,03:20PM,"Magnificent Seven Stocks: Nvidia Stock Reverses Lower, Google Extends Losses",0.331,0.368,0.301,0.128
204,META,2024-07-27,02:52PM,TikToks Survival Is at Stake in All-Out Fight Against US Ban,0.0,0.592,0.408,-0.7351
205,META,2024-07-27,01:35PM,Tech Giants Potentially Seek Partnership With Ray Ban Maker After Smart Glasses Collaboration,0.156,0.636,0.208,-0.2263
206,META,2024-07-27,12:30PM,Health Care Roundup: Market Talk,0.444,0.556,0.0,0.4939
207,META,2024-07-27,12:28PM,"Tech, Media & Telecom Roundup: Market Talk",0.0,1.0,0.0,0.0
208,META,2024-07-27,10:00AM,Meta's AI Revolution Begins,0.0,1.0,0.0,0.0
209,META,2024-07-27,10:00AM,Meta Platforms: A Trillion-Dollar Giant Poised for Further Growth,0.434,0.566,0.0,0.5574
210,META,2024-07-27,09:15AM,Countdown to Meta Platforms (META) Q2 Earnings: A Look at Estimates Beyond Revenue and EPS,0.0,1.0,0.0,0.0
211,META,2024-07-27,05:23AM,EssilorLuxottica Shares Climb After Eyewear Giant Draws Big Tech Interest,0.394,0.606,0.0,0.6369
212,META,2024-07-27,04:51AM,"Why Google Parent Alphabet Is the Best Artificial Intelligence (AI) Stock in the ""Magnificent Seven""",0.483,0.517,0.0,0.9042
213,META,2024-07-27,03:41AM,Ray-Ban Maker EssilorLuxottica Says Meta Interested in Stake,0.278,0.722,0.0,0.4019
214,META,2024-07-27,03:12AM,"1 Phenomenal Stock That Could Join Microsoft, Apple, Nvidia, Alphabet, Amazon, and Meta in the $1 Trillion Club",0.206,0.794,0.0,0.4404
215,META,2024-07-25,11:45PM,Insider Sale: Chief Legal Officer of Meta Platforms Inc (META) Sells Shares,0.27,0.73,0.0,0.4019
216,META,2024-07-25,11:20PM,Ray-Ban parent EssilorLuxottica shares rise on strong H1 results,0.44,0.56,0.0,0.6705
217,META,2024-07-25,06:39PM,"These Signs Show Which Stocks Are Having A Hidden Rally, Says Mark Minervini",0.0,1.0,0.0,0.0
218,META,2024-07-25,04:50PM,Oversight Board wants Meta to refine its policies around AI-generated explicit images,0.0,1.0,0.0,0.0
219,META,2024-07-25,04:10PM,What You Need To Know Ahead of Meta's Earnings Report,0.0,1.0,0.0,0.0
220,META,2024-07-25,02:41PM,"Earnings Calendar Spotlight: All Eyes On Apple, Meta, Amazon, Microsoft",0.159,0.841,0.0,0.1779
221,META,2024-07-25,02:00PM,"WhatsApp Gaining Ground in US, Now Has 100 Million Monthly Users",0.219,0.781,0.0,0.4215
222,META,2024-07-25,11:32AM,The fight against nonconsensual sexual deepfakes is slowly getting somewhere,0.0,0.776,0.224,-0.3818
223,META,2024-07-25,11:32AM,Meta to Be Hit by EU Antitrust Order in Marketplace Fight,0.0,0.794,0.206,-0.3818
224,META,2024-07-25,10:35AM,"Exclusive-Meta to be hit with first EU antitrust fine for linking Marketplace and Facebook, sources say",0.107,0.893,0.0,0.2023
225,META,2024-07-25,09:35AM,Meta's Oversight Board says deepfake policies need update and response to explicit image fell short,0.0,1.0,0.0,0.0
226,META,2024-07-25,09:21AM,Meta Platforms and Walmart: 2 Blue-Chip Stocks Hitting a Perfect 10 Score,0.291,0.709,0.0,0.5719
227,META,2024-07-25,07:37AM,Facebook marketing partner on the potential slowdown in digital ads,0.0,1.0,0.0,0.0
228,META,2024-07-25,07:12AM,"Meta must do more to address non-consensual, deepfake porn, Oversight Board says",0.0,1.0,0.0,0.0
229,META,2024-07-25,06:09AM,Meta oversight board tells company to clean up rules on AI-generated pornography,0.197,0.803,0.0,0.4019
230,META,2024-07-25,05:30AM,Meta's Zuckerberg puts faith in open-source AI to maintain US lead over China,0.189,0.811,0.0,0.4215
231,META,2024-07-25,05:30AM,"AI race: Alibaba, Tencent quickly adopt Meta's new Llama 3.1 model amid excitement",0.308,0.692,0.0,0.5994
232,META,2024-07-25,04:06AM,"Prediction: These 2 ""Magnificent Seven"" Stocks Will (at Least Briefly) Lose Their Trillion-Dollar Market Caps by 2026",0.189,0.68,0.131,0.296
233,META,2024-07-24,08:14PM,Alphabets earnings set the stage for techs AI question,0.0,1.0,0.0,0.0
234,META,2024-07-24,06:03PM,Mark Zuckerberg imagines content creators making AI clones of themselves,0.0,1.0,0.0,0.0
235,META,2024-07-24,03:29PM,"Rep. Michael McCaul Rides the AI Boom with AMD, AAPL, META Buys",0.0,1.0,0.0,0.0
236,META,2024-07-24,02:11PM,10 Best High Growth Stocks To Buy,0.576,0.424,0.0,0.7783
237,META,2024-07-24,11:48AM,"Meta axes 63,000 Nigeria-based Instagram accounts that engaged in sextortion",0.231,0.769,0.0,0.4019
238,META,2024-07-24,11:19AM,AT&T Pulled in More New Subscribers Than Expected. Its Stock Is Rising,0.0,1.0,0.0,0.0
239,META,2024-07-24,11:10AM,Mag 7 must perform 'incredibly well' to justify valuations,0.255,0.745,0.0,0.3384
240,META,2024-07-24,10:01AM,Meta Platforms (META) Earnings Expected to Grow: Should You Buy?,0.0,1.0,0.0,0.0
241,META,2024-07-24,09:56AM,"Meta Removes 63,000 Accounts Linked to Sextortion Scammers",0.0,1.0,0.0,0.0
242,META,2024-07-24,09:23AM,"Facebook and Instagram remove 60,000 Nigerian sextortion accounts",0.0,1.0,0.0,0.0
243,META,2024-07-24,08:33AM,"Meta takes down thousands of Facebook, Instagram accounts running sextortion scams from Nigeria",0.0,0.759,0.241,-0.5859
244,META,2024-07-24,07:45AM,1 Magnificent Artificial Intelligence (AI) Stock to Buy Hand Over Fist,0.593,0.407,0.0,0.8807
245,META,2024-07-24,07:44AM,"Meta removes 63,000 Instagram accounts in Nigeria over 'sextortion' scams",0.0,0.703,0.297,-0.5859
246,META,2024-07-24,06:00AM,Big Tech earnings won't be make or break for the stock market: Morning Brief,0.0,1.0,0.0,0.0
247,META,2024-07-24,06:00AM,"Meta takes down 63,000 accounts linked to sextortion scams targeting US men",0.0,0.743,0.257,-0.5859
248,META,2024-07-24,04:57AM,"Zuckerberg aims to rival OpenAI, Google with new Llama AI model",0.0,1.0,0.0,0.0
249,META,2024-07-24,04:10AM,"If I Could Only Buy 3 Stocks in the Last Half of 2024, I'd Pick These",0.0,1.0,0.0,0.0
250,META,2024-07-23,05:53PM,Is Meta Platforms Inc. (NASDAQ:META) the Best AI Stock to Buy Based on New AI ETF?,0.219,0.781,0.0,0.6369
251,META,2024-07-23,05:45PM,Meta Platforms (META) Gains As Market Dips: What You Should Know,0.194,0.806,0.0,0.34
252,META,2024-07-23,04:10PM,"Alphabet earnings top estimates as cloud business gains steam, AI losses grow",0.264,0.566,0.17,0.128
253,META,2024-07-23,04:10PM,Alphabet beats analysts' expectations on top and bottom line as cloud business picks up steam,0.114,0.886,0.0,0.2023
254,META,2024-07-23,04:02PM,Meta Gets Price Target Boosts As Facebook Parent Grapples With Mag 7 'Fatigue',0.173,0.827,0.0,0.3182
255,META,2024-07-23,02:36PM,Why It's Time to Buy the Dip in Tech Stocks,0.0,1.0,0.0,0.0
256,META,2024-07-23,02:14PM,"US home sales dip, Secret Service director resigns: Catalysts",0.0,0.777,0.223,-0.3182
257,META,2024-07-23,02:00PM,Mark Zuckerberg wants Meta's newest AI model to become the industry standard,0.0,1.0,0.0,0.0
258,META,2024-07-23,01:36PM,Meta Unveils New AI Model That Rivals Google and OpenAI Models,0.0,1.0,0.0,0.0
259,META,2024-07-23,12:47PM,Meta CEO Zuckerberg: Tech industry should adopt open-source AI,0.175,0.825,0.0,0.1779
260,META,2024-07-23,12:25PM,Meta AI gets new 'Imagine me' selfie feature,0.0,1.0,0.0,0.0
261,META,2024-07-23,12:15PM,Meta's Reality Labs division has bled $45B in just four years,0.0,1.0,0.0,0.0
262,META,2024-07-23,12:08PM,"Meta CEO Zuckerberg calls on industry to adopt open-source AI, debuts high-powered Llama AI model",0.108,0.892,0.0,0.1779
263,META,2024-07-23,12:07PM,Meta releases its biggest 'open' AI model yet,0.0,1.0,0.0,0.0
264,META,2024-07-23,11:07AM,Analysts Boost Meta Price Targets As Facebook Parent Grapples With Mag 7 'Fatigue',0.197,0.803,0.0,0.4019
265,META,2024-07-23,11:04AM,"Meta unveils biggest Llama 3 AI model, touting language and math gains",0.183,0.687,0.13,0.1779
266,META,2024-07-23,11:00AM,"Zuckerberg Aims to Rival OpenAI, Google With New Llama AI Model",0.0,1.0,0.0,0.0
267,META,2024-07-23,10:03AM,Elon Musk's Tesla robots won't be running amok anytime soon: Former Meta exec,0.0,1.0,0.0,0.0
268,META,2024-07-23,09:57AM,This Undervalued Stock Could Join Amazon in the $2 Trillion Club,0.302,0.698,0.0,0.4404
269,META,2024-07-23,09:30AM,7 Stocks That Are Capitalizing on the Digital World,0.0,1.0,0.0,0.0
270,META,2024-07-23,08:57AM,Meta's reality check: Inside the $45 billion cash burn at Reality Labs,0.0,1.0,0.0,0.0
271,META,2024-07-23,08:00AM,"S&P 500 Earnings Shrivel Without Magnificent Seven Names Like Nvidia, Meta",0.171,0.615,0.215,-0.1645
272,META,2024-07-23,03:26AM,"MS: Amazon remains top mega cap pick; double digit upside seen for Google, Meta",0.226,0.774,0.0,0.3612
273,META,2024-07-22,04:52PM,How to invest in Big Tech ahead of earnings,0.0,1.0,0.0,0.0
274,META,2024-07-22,03:16PM,"Google parent Alphabet to report Q2 earnings Tuesday with AI, ad spending front and center",0.0,1.0,0.0,0.0
275,META,2024-07-22,02:30PM,Top 3 tech picks ahead of Q2 earnings: Evercore's Mahaney,0.184,0.816,0.0,0.2023
276,META,2024-07-22,02:03PM,The rise of the AI gadget could free us from our smartphones. We just need to find the right device,0.148,0.852,0.0,0.5106
277,META,2024-07-22,01:07PM,Reddit Stock Jumps as Social Media Shares Climb,0.239,0.761,0.0,0.296
278,META,2024-07-22,09:51AM,"Biden drops out, backs Kamala Harris: 6 hot takes for investors",0.0,0.882,0.118,-0.0516
279,META,2024-07-22,09:22AM,"Trump continues to gain in Silicon Valley, Zuckerberg calls him 'Badass'",0.254,0.746,0.0,0.5267
280,META,2024-07-22,08:00AM,Beyond Market Price: Uncovering Meta Platforms Inc's Intrinsic Value,0.231,0.769,0.0,0.34
281,META,2024-07-22,06:54AM,Heres How Meta Platforms (META) is on the Contributors List of Polen Focus Growth,0.167,0.833,0.0,0.3818
282,META,2024-07-22,06:45AM,Meta vs. Reddit: Which Is the Better Social Media Stock?,0.244,0.756,0.0,0.4404
283,META,2024-07-22,06:15AM,"Meta faces $220m fine in Nigeria for data, consumer law violations",0.127,0.634,0.239,-0.3818
284,META,2024-07-22,05:14AM,Is Meta Platforms Inc. (NASDAQ:META) the Best Consumer AI Stock to Buy Now?,0.259,0.741,0.0,0.6369
285,META,2024-07-22,01:35AM,Social media platforms are struggling with social commerce adoption,0.0,0.741,0.259,-0.4215
286,META,2024-07-21,06:57PM,The Most Famous City in the US,0.0,1.0,0.0,0.0
287,META,2024-07-21,06:56PM,25 Most Famous Cities in the US,0.0,1.0,0.0,0.0
288,META,2024-07-21,06:00PM,"Up 145% So Far This Year, Here's What It Will Take for Nvidia Stock to Drop, and Why I Think It Could Happen Sooner Rather Than Later",0.0,0.923,0.077,-0.2732
289,META,2024-07-21,10:53AM,1 Wall Street Analyst Thinks Meta Platforms Stock Is Going to $550. Is It a Buy?,0.0,1.0,0.0,0.0
290,META,2024-07-21,09:00AM,"If You Can Only Buy One Stock In July, It Better Be One of These 3 Names",0.162,0.838,0.0,0.4404
291,META,2024-07-21,06:14AM,3 Nasdaq Stocks to Buy Now: Q3 Edition,0.0,1.0,0.0,0.0
292,META,2024-07-20,07:45AM,Better AI Stock: Meta Platforms or Palantir,0.326,0.674,0.0,0.4404
293,META,2024-07-20,06:50AM,"2 No-Brainer Stocks to Buy Right Now for Less Than $1,000",0.0,1.0,0.0,0.0
294,META,2024-07-20,05:45AM,Billionaires Are Selling These 3 Artificial Intelligence (AI) Stocks Right Now,0.256,0.744,0.0,0.4767
295,META,2024-07-20,04:12AM,Is Meta Platforms Stock a Buy in the Second Half of 2024?,0.0,1.0,0.0,0.0
296,META,2024-07-19,08:04PM,Twitch reinstates Trump's account ahead of the 2024 presidential election,0.0,1.0,0.0,0.0
297,META,2024-07-19,06:38PM,Metas AI Weapon; CrowdStrike Strikes Out,0.0,0.46,0.54,-0.5719
298,META,2024-07-19,06:35PM,Meta content moderation vendors hit by global cyber outage,0.0,1.0,0.0,0.0
299,META,2024-07-19,04:51PM,Blame One Stock For Most Of Magnificent 7's $1.3 Trillion Loss,0.248,0.474,0.278,0.1226
300,AMD,2024-07-27,07:33PM,Bernstein's Rasgon on AMD earnings: AI story is all that matters to investors,0.084,0.916,0.0,0.0258
301,AMD,2024-07-27,01:38PM,AI Chip Rally Returns Friday With Nvidia and Other Semiconductor Stocks Rising,0.0,1.0,0.0,0.0
302,AMD,2024-07-27,12:00PM,"If You Invested $1000 In AMD Stock 20 Years Ago, How Much Would You Have Now?",0.0,1.0,0.0,0.0
303,AMD,2024-07-27,10:07AM,Why stocks could be nearing a 10% correction,0.0,1.0,0.0,0.0
304,AMD,2024-07-27,10:00AM,Forget AMD: 2 Tech Stocks to Buy Instead,0.0,0.759,0.241,-0.2263
305,AMD,2024-07-27,09:00AM,"Advanced Micro Devices, Inc. (AMD) Is a Trending Stock: Facts to Know Before Betting on It",0.125,0.875,0.0,0.25
306,AMD,2024-07-27,07:15AM,Could Investing in AMD Now Be Like Investing in Nvidia in 2023?,0.185,0.815,0.0,0.3612
307,AMD,2024-07-25,02:35PM,Why AMD Stock Investors Should Be Cautious in the Short-Term,0.0,0.865,0.135,-0.1027
308,AMD,2024-07-25,01:25PM,AI infrastructure plays are the way to go: Analyst,0.2,0.8,0.0,0.25
309,AMD,2024-07-25,12:03PM,"AMDs AI Chip Sales May Be Strong, but Analyst Notes the Risks",0.145,0.676,0.179,-0.128
310,AMD,2024-07-25,12:01PM,Nvidia Leads Chip Stocks in Staging a Comeback. Why the Pain Could be Short-Lived.,0.0,0.784,0.216,-0.5106
311,AMD,2024-07-25,10:53AM,Chip stock sell-off opens door for long-term plays: Analyst,0.2,0.8,0.0,0.25
312,AMD,2024-07-25,10:00AM,AMD Is Positioned for Growth Amid AI Revolution,0.271,0.729,0.0,0.3818
313,AMD,2024-07-25,09:15AM,Ahead of Advanced Micro (AMD) Q2 Earnings: Get Ready With Wall Street Estimates for Key Metrics,0.243,0.757,0.0,0.5423
314,AMD,2024-07-25,07:45AM,25 Best Artificial Intelligence Stocks to Buy Right Now,0.51,0.49,0.0,0.8074
315,AMD,2024-07-25,04:11AM,"Advanced Micro Devices, Inc. (AMD): Hedge Funds Are Bullish on This High Growth Stock Now",0.261,0.739,0.0,0.5574
316,AMD,2024-07-24,05:37PM,What You Need To Know Ahead of AMD's Earnings Report,0.0,1.0,0.0,0.0
317,AMD,2024-07-24,03:29PM,"Rep. Michael McCaul Rides the AI Boom with AMD, AAPL, META Buys",0.0,1.0,0.0,0.0
318,AMD,2024-07-24,02:11PM,10 Best High Growth Stocks To Buy,0.576,0.424,0.0,0.7783
319,AMD,2024-07-24,10:00AM,Why betting on the Trump trade is a real mistake,0.0,0.769,0.231,-0.34
320,AMD,2024-07-23,05:45PM,Here's Why Advanced Micro Devices (AMD) Fell More Than Broader Market,0.167,0.833,0.0,0.25
321,AMD,2024-07-23,02:36PM,Why It's Time to Buy the Dip in Tech Stocks,0.0,1.0,0.0,0.0
322,AMD,2024-07-23,01:11PM,"AMD's President And AI Strategy Head Victor Peng to Retire, Vamsi Boppana To Step Up",0.0,1.0,0.0,0.0
323,AMD,2024-07-23,10:00AM,Advanced Micro Devices (AMD) Earnings Expected to Grow: What to Know Ahead of Next Week's Release,0.118,0.882,0.0,0.25
324,AMD,2024-07-23,07:45AM,Marjorie Taylor Greene Loves AI Stocks. Here Are 5 She Bought in the First Half of 2024.,0.198,0.802,0.0,0.5719
325,AMD,2024-07-23,07:17AM,"Nvidia vs. Amazon: Which ""Magnificent Seven"" Stock Could Be the Better Buy Over the Next 5 Years?",0.395,0.605,0.0,0.8176
326,AMD,2024-07-23,05:27AM,Nvidia Stock Falls After Big Tech Rebound. This Will Drive Its Next Move.,0.0,1.0,0.0,0.0
327,AMD,2024-07-22,04:10PM,AMD President Victor Peng to Retire,0.0,1.0,0.0,0.0
328,AMD,2024-07-22,11:00AM,Samsung Electro-Mechanics Collaborates with AMD to Supply High-Performance Substrates for Hyperscale Data Center Computing,0.0,1.0,0.0,0.0
329,AMD,2024-07-22,10:40AM,Nvidia Stock Is Rising. Its Trying to Split the Difference Between Business and Politics.,0.0,1.0,0.0,0.0
330,AMD,2024-07-22,09:00AM,AI Startup Cohere Valued at $5.5 Billion in New Funding Round,0.225,0.775,0.0,0.4404
331,AMD,2024-07-22,07:07AM,"What's Going On With AI Chip Stocks Nvidia, AMD And Taiwan Semi On Monday?",0.0,1.0,0.0,0.0
332,AMD,2024-07-22,06:20AM,"Nvidia Is Planning a New China Chip, Says Report. Why It Might Not Help the Stock.",0.0,0.861,0.139,-0.3089
333,AMD,2024-07-21,10:48PM,Renesas intros power management solution for space-grade AMD SoC,0.223,0.777,0.0,0.3182
334,AMD,2024-07-21,02:30PM,Forget Nvidia: Consider These 2 Millionaire-Maker Stocks to Buy Instead,0.0,0.808,0.192,-0.2263
335,AMD,2024-07-21,09:53AM,2 Phenomenal Stocks to Buy on the Dip,0.0,1.0,0.0,0.0
336,AMD,2024-07-21,06:15AM,Is Intel Stock a Buy Now?,0.0,1.0,0.0,0.0
337,AMD,2024-07-21,04:30AM,"Every Chip Stock Investor Should Hold a Position in Intel, and We Were Just Reminded Why",0.0,1.0,0.0,0.0
338,AMD,2024-07-20,06:00AM,Is AMD's Latest Deal a Game-Changer?,0.0,1.0,0.0,0.0
339,AMD,2024-07-20,04:51AM,Opinion: This Nvidia Forecast All but Confirms That the Artificial Intelligence (AI) Bubble Will Burst Sooner Rather Than Later,0.187,0.813,0.0,0.631
340,AMD,2024-07-19,03:00PM,"Three buys and a bail: Microsoft, AMD, Caterpillar,",0.0,1.0,0.0,0.0
341,AMD,2024-07-19,02:00PM,What's Going On With Intel Stock On Friday?,0.0,1.0,0.0,0.0
342,AMD,2024-07-19,09:25AM,AI Chip Demand Expected to Be Solid in Second Half,0.144,0.721,0.135,0.0258
343,AMD,2024-07-19,07:30AM,"CrowdStrike update leads to global IT outage, Netflix revenue outlook disappoints: Yahoo Finance",0.0,0.822,0.178,-0.3818
344,AMD,2024-07-19,07:30AM,"Why ASML Holdings, Micron Technology, and Advanced Micro Devices Fell This Week",0.154,0.846,0.0,0.25
345,AMD,2024-07-18,06:16PM,"Solar industry, AI chip stocks, Fed rate outlook: Market Domination",0.0,0.882,0.118,-0.0516
346,AMD,2024-07-18,05:27PM,AI still years out from 'physical' applications: Strategist,0.0,1.0,0.0,0.0
347,AMD,2024-07-18,05:06PM,Expect 'massive' Q2 earnings for AI chip stocks: Dan Ives,0.0,1.0,0.0,0.0
348,AMD,2024-07-18,02:34PM,"Headwinds for airlines, pharmaceutical stocks slip: Morning Brief",0.0,1.0,0.0,0.0
349,AMD,2024-07-18,02:23PM,U.S. Stocks Fall in Volatile Trading,0.0,1.0,0.0,0.0
350,AMD,2024-07-18,11:26AM,"Nasdaq, S&P 500 Fall",0.0,1.0,0.0,0.0
351,AMD,2024-07-18,11:21AM,"Stocks to Watch Thursday: Netflix, Abbott Laboratories, Domino's Pizza, Warner Bros.",0.0,1.0,0.0,0.0
352,AMD,2024-07-18,09:41AM,Nasdaq and S&P 500 Open Higher; Dow Slips,0.0,1.0,0.0,0.0
353,AMD,2024-07-18,07:30AM,"Nasdaq slips, Chicago Fed President Austan Goolsbee speaks to Yahoo Finance",0.0,1.0,0.0,0.0
354,AMD,2024-07-18,07:00AM,3 Recent Stock Downgrades Smart Investors Should Note,0.31,0.69,0.0,0.4019
355,AMD,2024-07-18,06:09AM,"Nasdaq, S&P 500 Futures Rise",0.0,1.0,0.0,0.0
356,AMD,2024-07-18,05:55AM,Can AMD Stock Reach a $1 Trillion Market Cap by 2030?,0.109,0.891,0.0,0.0258
357,AMD,2024-07-18,04:55AM,3 Growth Beasts (Not Named Nvidia) That Have Been 10-Baggers Over the Past 10 Years,0.167,0.833,0.0,0.3818
358,AMD,2024-07-18,04:51AM,1 Artificial Intelligence (AI) ETF to Buy With $40 During the S&P 500 Bull Market,0.193,0.807,0.0,0.4767
359,AMD,2024-07-17,07:18PM,"Analyst Report: Advanced Micro Devices, Inc.",0.286,0.714,0.0,0.25
360,AMD,2024-07-17,05:48PM,"Chip makers take big hit, Trump Trade signs: Market Trends",0.0,1.0,0.0,0.0
361,AMD,2024-07-17,05:41PM,S&P 500 Gains and Losses Today: Chip Stocks Fall on Possible Export Restrictions,0.149,0.683,0.168,-0.0772
362,AMD,2024-07-17,04:28PM,China restrictions minimally impact chip makers: Analyst,0.0,1.0,0.0,0.0
363,AMD,2024-07-17,02:27PM,Nasdaq 100 Suffers Worst Day In 11 Months As Chipmakers Tumble On China Curbs; Magnificent 7 Wipe Out $500B : What's Driving Markets Wednesday?,0.13,0.631,0.239,-0.5106
364,AMD,2024-07-17,02:18PM,"Why Intel, GlobalFoundries Are Gaining as Nvidia and Other Chip Stocks Drop",0.188,0.671,0.141,0.1779
365,AMD,2024-07-17,01:56PM,"Top Stock Movers Now: Chip Stocks, Spirit Airlines, VF Corp. and More",0.259,0.741,0.0,0.3612
366,AMD,2024-07-17,12:43PM,Why AMD (AMD) Shares Are Plunging Today,0.268,0.732,0.0,0.296
367,AMD,2024-07-17,09:43AM,"What's Going On With Nvidia, AMD And More Semiconductor Stocks Wednesday?",0.0,1.0,0.0,0.0
368,AMD,2024-07-17,07:30AM,Will Nvidia Be Worth More Than Apple by 2025?,0.192,0.808,0.0,0.2263
369,AMD,2024-07-16,04:15PM,AMD to Report Fiscal Second Quarter 2024 Financial Results,0.0,1.0,0.0,0.0
370,AMD,2024-07-16,09:30AM,Wall Street Bulls Look Optimistic About Advanced Micro (AMD): Should You Buy?,0.301,0.699,0.0,0.5106
371,AMD,2024-07-16,06:35AM,Beware the Intel Stock Mirage: Why This AI Boom May Be a Bust,0.0,1.0,0.0,0.0
372,AMD,2024-07-16,06:30AM,3 Quantum AI Stocks That Could Redefine Computing,0.0,1.0,0.0,0.0
373,AMD,2024-07-16,06:15AM,2 Tech Stocks With More Potential Than Any Cryptocurrency,0.0,1.0,0.0,0.0
374,AMD,2024-07-16,06:05AM,Pounce Now: It's Time to Buy AMD Stock,0.0,1.0,0.0,0.0
375,AMD,2024-07-16,04:45AM,Intel Plans to Beat AMD for Second Place in the Artificial Intelligence (AI) Chip Race,0.181,0.819,0.0,0.4767
376,AMD,2024-07-16,03:34AM,"Intel is the only alternative to TSMC says Northland, sees 100% upside potential",0.0,1.0,0.0,0.0
377,AMD,2024-07-15,05:56PM,"Trump picks JD Vance for VP, Big Bank earnings: Market Domination",0.0,0.893,0.107,-0.0516
378,AMD,2024-07-15,05:45PM,Advanced Micro Devices (AMD) Stock Dips While Market Gains: Key Facts,0.328,0.672,0.0,0.5267
379,AMD,2024-07-15,05:02PM,4 reasons hardware will drive big tech earnings: Fund manager,0.0,1.0,0.0,0.0
380,AMD,2024-07-15,01:19PM,3 AI Stocks That Could Grow Your Wealth,0.348,0.652,0.0,0.4939
381,AMD,2024-07-15,10:00AM,3 AI Stocks Ready to Come Out of the Shadows and Shine,0.2,0.8,0.0,0.3612
382,AMD,2024-07-15,09:41AM,"What's Going On With AI Stocks Nvidia, AMD On Monday?",0.0,1.0,0.0,0.0
383,AMD,2024-07-15,09:00AM,"Investors Heavily Search Advanced Micro Devices, Inc. (AMD): Here is What You Need to Know",0.125,0.875,0.0,0.25
384,AMD,2024-07-15,07:37AM,Is AMD Stock a Buy Now?,0.0,1.0,0.0,0.0
385,AMD,2024-07-15,06:58AM,7 Billion-Dollar Stocks That Deserve a Spot in Your Portfolio,0.0,1.0,0.0,0.0
386,AMD,2024-07-15,06:12AM,Dear Taiwan Semiconductor Stock Fans: Mark Your Calendars for July 18,0.206,0.794,0.0,0.3818
387,AMD,2024-07-15,05:10AM,Nvidia Stock Rises. How Earnings Could Reignite the AI Chips Rally.,0.0,1.0,0.0,0.0
388,AMD,2024-07-14,09:33PM,"Motherboard, graphics card shipments to recover in 2H24",0.0,1.0,0.0,0.0
389,AMD,2024-07-14,02:10PM,4 Threats to Nvidia Every Investor Needs to Know,0.0,0.714,0.286,-0.4215
390,AMD,2024-07-12,12:32PM,"Chip Stock Face-Off: A 10-Year Forecast for NVDA, MU and AMD",0.0,1.0,0.0,0.0
391,AMD,2024-07-12,06:20AM,Bank of America's Top Pick: AMD Stock Set to Dominate Q3 2024,0.135,0.752,0.113,0.0772
392,AMD,2024-07-12,06:05AM,Nvidia Stock Analysis: The Real Secret to NVDA's Success,0.316,0.684,0.0,0.5719
393,AMD,2024-07-11,07:07PM,Analysts revamp AMD stock price target on AI deal,0.0,1.0,0.0,0.0
394,AMD,2024-07-11,12:08PM,AMDs Earnings Are Around the Corner. The Stock Is Getting More Love.,0.29,0.71,0.0,0.6697
395,AMD,2024-07-11,11:40AM,Rosenblatt Just Raised Its Price Target on Broadcom (AVGO) Stock,0.0,1.0,0.0,0.0
396,AMD,2024-07-11,10:58AM,Wells Fargo Just Raised Its Price Target on Advanced Micro Devices (AMD) Stock,0.267,0.733,0.0,0.4588
397,AMD,2024-07-11,09:49AM,The PC industry is finally on the path to recovery,0.0,1.0,0.0,0.0
398,AMD,2024-07-11,07:42AM,Is AMD Stock A Buy Ahead Of Chipmaker's Q2 Earnings Report?,0.0,1.0,0.0,0.0
399,AMD,2024-07-11,07:25AM,3 Artificial Intelligence Stocks Flashing Danger Signs,0.295,0.381,0.324,-0.0772
400,GTLB,2024-07-27,03:57AM,Unpacking Q1 Earnings: Akamai (NASDAQ:AKAM) In The Context Of Other Software Development Stocks,0.0,1.0,0.0,0.0
401,GTLB,2024-07-22,08:45AM,Cathie Wood Goes Bargain Hunting: 3 Stocks She Just Bought,0.184,0.816,0.0,0.2023
402,GTLB,2024-07-18,10:31AM,Gitlab (GTLB) Surges 9.3%: Is This an Indication of Further Gains?,0.194,0.806,0.0,0.34
403,GTLB,2024-07-18,04:54AM,Reflecting On Software Development Stocks Q1 Earnings: HashiCorp (NASDAQ:HCP),0.0,1.0,0.0,0.0
404,GTLB,2024-07-17,06:32PM,"China chip exports, Fed rate cut optimism: Market Domination",0.273,0.469,0.258,0.296
405,GTLB,2024-07-17,03:56PM,GitLab stock pops on report it's exploring a sale,0.0,1.0,0.0,0.0
406,GTLB,2024-07-17,12:50PM,"Software Maker GitLab Seen Exploring Sale. Datadog, Google Among Suitors?",0.0,1.0,0.0,0.0
407,GTLB,2024-07-17,12:48PM,"GitLab (GTLB) Stock Trades Up, Here Is Why",0.0,1.0,0.0,0.0
408,GTLB,2024-07-17,10:55AM,Alphabet Backed GitLab Stock Soars On Wednesday - What's Going On?,0.109,0.891,0.0,0.0258
409,GTLB,2024-07-17,09:52AM,GitLab Stock Jumps on Reports of Possible Sale,0.0,1.0,0.0,0.0
410,GTLB,2024-07-17,07:16AM,"Biden, Trump chip views shake stocks, J&J earnings: Yahoo Finance",0.0,0.841,0.159,-0.1779
411,GTLB,2024-07-17,07:15AM,Google-backed software maker GitLab explores potential sale,0.0,1.0,0.0,0.0
412,GTLB,2024-07-17,02:02AM,"Exclusive-Google-backed software developer GitLab explores sale, sources say",0.0,1.0,0.0,0.0
413,GTLB,2024-07-16,08:41AM,The Best of Both Worlds: Canaccord Sees an Opportunity Brewing in These 2 Strong Buy Software Stocks,0.442,0.558,0.0,0.8834
414,GTLB,2024-07-04,07:57AM,Q1 Earnings Highs And Lows: GitLab (NASDAQ:GTLB) Vs The Rest Of The Software Development Stocks,0.0,0.886,0.114,-0.2023
415,GTLB,2024-07-03,11:14AM,New Survey Shows Companies Are 'All In' On AI,0.0,1.0,0.0,0.0
416,GTLB,2024-06-28,08:39PM,12 Wealthiest People in Netherlands,0.444,0.556,0.0,0.4939
417,GTLB,2024-06-28,09:55AM,Wall Street Analysts See a 33.95% Upside in Gitlab (GTLB): Can the Stock Really Move This High?,0.0,1.0,0.0,0.0
418,GTLB,2024-06-26,01:00PM,What's Going On With GitLab Stock On Wednesday?,0.0,1.0,0.0,0.0
419,GTLB,2024-06-26,09:35AM,"After Plunging -18.51% in 4 Weeks, Here's Why the Trend Might Reverse for Gitlab (GTLB)",0.0,1.0,0.0,0.0
420,GTLB,2024-06-25,09:05AM,"GitLab Achieves FedRAMP ""In Process"" Designation",0.0,1.0,0.0,0.0
421,GTLB,2024-06-25,09:03AM,"GitLab Survey Reveals Tension Around AI, Security, and Developer Productivity within Organizations",0.163,0.68,0.156,0.0258
422,GTLB,2024-06-25,09:00AM,Prediction: This Under-the-Radar Artificial Intelligence (AI) Company Might Get Acquired by Alphabet. Here's Why.,0.193,0.807,0.0,0.4767
423,GTLB,2024-06-25,06:30AM,Contrarian Picks: 3 Stocks to Buy to Bet Against the Market,0.0,1.0,0.0,0.0
424,GTLB,2024-06-14,02:43AM,"GitLab Inc (GTLB) CFO Brian Robins Sells 11,667 Shares",0.216,0.784,0.0,0.296
425,GTLB,2024-06-13,03:00PM,Does GitLab's (GTLB) Growing Clientele Make the Stock a Buy?,0.175,0.825,0.0,0.1779
426,GTLB,2024-06-12,09:00AM,GitLab Announces Expanded Integrations with Google Cloud to Elevate the Developer Experience,0.0,1.0,0.0,0.0
427,GTLB,2024-06-11,02:47AM,Q1 Earnings Highs And Lows: PagerDuty (NYSE:PD) Vs The Rest Of The Software Development Stocks,0.0,0.886,0.114,-0.2023
428,GTLB,2024-06-07,12:00PM,Gitlab (GTLB) Upgraded to Buy: What Does It Mean for the Stock?,0.0,1.0,0.0,0.0
429,GTLB,2024-06-07,09:35AM,Here's Why Gitlab (GTLB) is Poised for a Turnaround After Losing -16.61% in 4 Weeks,0.128,0.705,0.167,-0.1531
430,GTLB,2024-06-07,08:30AM,Do Options Traders Know Something About GitLab (GTLB) Stock We Don't?,0.0,1.0,0.0,0.0
431,GTLB,2024-06-06,11:14AM,The 3 Most Undervalued AI Stocks to Buy in June 2024,0.0,1.0,0.0,0.0
432,GTLB,2024-06-04,04:28PM,"These Stocks Moved the Most Today: Bath & Body Works, Carnival, GitLab, Paramount, GameStop, and More",0.0,1.0,0.0,0.0
433,GTLB,2024-06-04,02:51PM,"These Stocks Are Moving the Most Today: Bath & Body Works, Carnival, GitLab, Paramount, GameStop, and More",0.0,1.0,0.0,0.0
434,GTLB,2024-06-04,01:01PM,"Stocks to Watch Tuesday: Intel, Carnival, GitLab, GameStop",0.0,1.0,0.0,0.0
435,GTLB,2024-06-04,12:43PM,GitLab (GTLB) Q1 Earnings and Revenues Surpass Estimates,0.0,1.0,0.0,0.0
436,GTLB,2024-06-04,11:07AM,GitLabs Earnings Beat Forecasts. It Didnt Lift the Stock.,0.0,1.0,0.0,0.0
437,GTLB,2024-06-04,09:01AM,GitLab Beat Earnings Estimates. It Wasnt Enough to Lift Shares.,0.196,0.804,0.0,0.296
438,GTLB,2024-06-04,08:02AM,GitLab Inc. (NASDAQ:GTLB) Q1 2025 Earnings Call Transcript,0.0,1.0,0.0,0.0
439,GTLB,2024-06-03,08:52PM,"GTLB Stock Earnings: GitLab Beats EPS, Beats Revenue for Q1 2025",0.0,1.0,0.0,0.0
440,GTLB,2024-06-03,05:15PM,GitLab Inc. (GTLB) Tops Q1 Earnings and Revenue Estimates,0.292,0.708,0.0,0.5106
441,GTLB,2024-06-03,04:21PM,GitLab's (NASDAQ:GTLB) Q1 Sales Beat Estimates,0.0,1.0,0.0,0.0
442,GTLB,2024-06-03,04:05PM,GitLab Reports First Quarter Fiscal Year 2025 Financial Results,0.0,1.0,0.0,0.0
443,GTLB,2024-06-02,07:00AM,What To Expect in the Markets This Week,0.0,1.0,0.0,0.0
444,GTLB,2024-06-02,03:01AM,What To Expect From GitLab's (GTLB) Q1 Earnings,0.0,1.0,0.0,0.0
445,GTLB,2024-05-30,12:31PM,Gitlab (GTLB) to Report Q1 Earnings: What's in the Cards?,0.0,1.0,0.0,0.0
446,GTLB,2024-05-25,04:10AM,Here Are the 2 Growth Stocks Google's Parent Company Just Added to Its $7 Billion Portfolio,0.157,0.843,0.0,0.3818
447,GTLB,2024-05-24,06:00AM,Investing on Steroids: 7 High-Growth Stocks for the Bold and Daring,0.389,0.611,0.0,0.6249
448,GTLB,2024-05-23,05:21AM,Google Parent Alphabet Is Selling Shares of 2 Hypergrowth Stocks and Piling Into a Promising Artificial Intelligence (AI) Company,0.364,0.636,0.0,0.7906
449,GTLB,2024-05-17,08:33AM,"Mizuho Cuts Price Target on GitLab to $70 From $75, Maintains Buy Rating",0.0,0.845,0.155,-0.296
450,GTLB,2024-05-16,09:00AM,GitLab Announces Secure AI-driven Capabilities to Streamline Software Development,0.231,0.769,0.0,0.34
451,GTLB,2024-05-13,04:05PM,GitLab To Announce First Quarter Fiscal 2025 Financial Results,0.0,1.0,0.0,0.0
452,GTLB,2024-05-12,03:00AM,Alphabet Bought Up Two Slumping Stocks,0.0,1.0,0.0,0.0
453,GTLB,2024-05-11,07:38AM,50 Digital Nomad Visa Countries in 2024,0.0,1.0,0.0,0.0
454,GTLB,2024-05-08,06:15PM,GitLab Inc. (GTLB) Stock Moves -0.97%: What You Should Know,0.0,1.0,0.0,0.0
455,GTLB,2024-05-04,02:31AM,"GitLab Inc (GTLB) CFO Brian Robins Sells 30,000 Shares",0.216,0.784,0.0,0.296
456,GTLB,2024-05-03,04:22PM,"Gitlab Insider Sold Shares Worth $1,598,085, According to a Recent SEC Filing",0.313,0.687,0.0,0.4767
457,GTLB,2024-05-01,06:15PM,GitLab Inc. (GTLB) Ascends While Market Falls: Some Facts to Note,0.0,1.0,0.0,0.0
458,GTLB,2024-04-24,06:15PM,GitLab Inc. (GTLB) Beats Stock Market Upswing: What Investors Need to Know,0.0,1.0,0.0,0.0
459,GTLB,2024-04-18,06:15PM,GitLab Inc. (GTLB) Registers a Bigger Fall Than the Market: Important Facts to Note,0.13,0.87,0.0,0.2023
460,GTLB,2024-04-18,04:05PM,GitLab Announces the General Availability of GitLab Duo Chat,0.0,1.0,0.0,0.0
461,GTLB,2024-04-14,09:00AM,Theres More Room for Upside: Wells Fargo Says Buy These 2 Stocks for Double-Digit Returns,0.133,0.867,0.0,0.25
462,GTLB,2024-04-13,09:00AM,Disruptive Forces: 3 Game-changing Stocks Reshaping the Tech Landscape,0.0,0.753,0.247,-0.3182
463,GTLB,2024-04-12,06:15PM,Here's Why GitLab Inc. (GTLB) Fell More Than Broader Market,0.0,1.0,0.0,0.0
464,GTLB,2024-04-10,10:53PM,"SAP, WIX, GTLB: Which Strong Buy Tech Stock Is Best?",0.484,0.516,0.0,0.8176
465,GTLB,2024-04-10,04:46AM,Winners And Losers Of Q4: Cloudflare (NYSE:NET) Vs The Rest Of The Software Development Stocks,0.159,0.667,0.174,-0.0772
466,GTLB,2024-04-09,09:00AM,GitLab Wins a Google Cloud Technology Partner of the Year Award for DevOps,0.419,0.581,0.0,0.802
467,GTLB,2024-04-04,06:58AM,Q4 Rundown: Twilio (NYSE:TWLO) Vs Other Software Development Stocks,0.0,1.0,0.0,0.0
468,GTLB,2024-04-03,07:01PM,"GitLab Inc (GTLB) CFO Brian Robins Sells 60,000 Shares",0.216,0.784,0.0,0.296
469,GTLB,2024-03-30,01:30AM,"GitLab Inc (GTLB) Director Sundeep Bedi Sells 9,000 Shares",0.216,0.784,0.0,0.296
470,GTLB,2024-03-28,06:39PM,10 Best Remote Jobs That Pay at Least $100 an Hour,0.288,0.616,0.096,0.5859
471,GTLB,2024-03-28,09:43AM,"These 2 DevOps Stocks Are Must-Owns for Software Investors, Says Wall Street Analyst",0.0,1.0,0.0,0.0
472,GTLB,2024-03-28,05:13AM,Spotting Winners: JFrog (NASDAQ:FROG) And Software Development Stocks In Q4,0.256,0.744,0.0,0.4767
473,GTLB,2024-03-27,05:13AM,Q4 Earnings Highs And Lows: GitLab (NASDAQ:GTLB) Vs The Rest Of The Software Development Stocks,0.0,0.886,0.114,-0.2023
474,GTLB,2024-03-25,07:01PM,GitLab Inc (GTLB) Chief Legal Officer & Corp Sec Robin Schulman Sells Company Shares,0.252,0.748,0.0,0.4019
475,GTLB,2024-03-22,04:05PM,GitLab to Hold Fireside Chat with Truist Securities,0.239,0.761,0.0,0.296
476,GTLB,2024-03-21,02:09PM,GitLab Stock Sees Improved Technical Strength,0.612,0.388,0.0,0.743
477,GTLB,2024-03-21,12:47PM,GitLab (GTLB) Boosts Security Solutions With Oxeye Acquisition,0.561,0.439,0.0,0.6597
478,GTLB,2024-03-20,04:45PM,GitLab Acquires Oxeye to Advance Application Security & Governance Capabilities,0.231,0.769,0.0,0.34
479,GTLB,2024-03-20,03:41PM,3 Underappreciated Tech Stocks That Deserve Some Investor Love,0.375,0.625,0.0,0.6369
480,GTLB,2024-03-19,10:00AM,"Buy GitLab and JFrog, Analyst Says. They Are Poised to Beat Growth Estimates.",0.295,0.705,0.0,0.5574
481,GTLB,2024-03-10,08:12AM,GitLab Inc. (NASDAQ:GTLB) Q4 2024 Earnings Call Transcript,0.0,1.0,0.0,0.0
482,GTLB,2024-03-07,07:00AM,Workers distracted by office chitchat are pretending to be in Zoom meetings to signal to colleagues I dont want to talk to you,0.058,0.791,0.151,-0.3009
483,GTLB,2024-03-05,04:28PM,"These Stocks Moved the Most Today: Target, Tesla, Apple, GitLab, AeroVironment, SoFi, Albemarle, and More",0.0,1.0,0.0,0.0
484,GTLB,2024-03-05,02:11PM,Why GitLab (GTLB) Shares Are Falling Today,0.25,0.568,0.182,0.1531
485,GTLB,2024-03-05,01:03PM,"These Stocks Are Moving the Most Today: Target, Tesla, Apple, GitLab, AeroVironment, SoFi, Albemarle, and More",0.0,1.0,0.0,0.0
486,GTLB,2024-03-05,12:45PM,Heard on the Street: GitLab Finds Playing it Less Safe Doesnt Pay,0.377,0.623,0.0,0.5329
487,GTLB,2024-03-05,12:18PM,Why GitLab Stock Was Tumbling Today,0.0,1.0,0.0,0.0
488,GTLB,2024-03-05,11:54AM,"GitLab (GTLB) Posts Gain in Q4, Beats Revenue Estimates",0.298,0.702,0.0,0.5267
489,GTLB,2024-03-05,11:31AM,These Stocks Are Moving the Most Today,0.0,1.0,0.0,0.0
490,GTLB,2024-03-05,10:53AM,Cramer's Mad Dash: GitLab,0.0,0.484,0.516,-0.4939
491,GTLB,2024-03-05,10:04AM,GitLab stock drops after weak full-year guidance,0.0,0.674,0.326,-0.4404
492,GTLB,2024-03-05,10:00AM,"GitLab Stock Is Tumbling. The AI Frenzy Can Be Brutal, Too.",0.0,0.584,0.416,-0.7506
493,GTLB,2024-03-05,09:45AM,"Stocks to Watch Tuesday: NIO, Apple, Target, GitLab",0.0,1.0,0.0,0.0
494,GTLB,2024-03-05,09:00AM,Why Is GitLab (GTLB) Stock Down 22% Today?,0.0,1.0,0.0,0.0
495,GTLB,2024-03-05,08:40AM,GitLab Earnings Beat. Software Stock Tumbles On Fiscal 2025 Outlook,0.0,1.0,0.0,0.0
496,GTLB,2024-03-05,08:00AM,Q4 2024 GitLab Inc Earnings Call,0.0,1.0,0.0,0.0
497,GTLB,2024-03-05,07:50AM,5 Things to Know Before the Stock Market Opens,0.0,1.0,0.0,0.0
498,GTLB,2024-03-05,06:38AM,GitLab shares drop as 'less conservative' forecast disappoints investors,0.174,0.475,0.351,-0.3041
499,GTLB,2024-03-04,09:56PM,GitLab Stock Plunges After Issuing Disappointing FY Earnings Guidance Key Level to Watch,0.0,0.789,0.211,-0.4939
